Workbook

Sheet 📊 Dashboard & Tiến Độ
A1: DỰ ÁN: FOOD & TRIP FINDER — KẾ HOẠCH & THEO DÕI TIẾN ĐỘ
A2: Mở rộng nền tảng: Quán ăn/uống + Điểm du lịch + Khu vui chơi & Tính năng Đề xuất lộ trình đi chơi thông minh
A4: TỔNG SỐ TASK | C4: CHƯA BẮT ĐẦU | E4: ĐANG LÀM | G4: CHỜ REVIEW | I4: HOÀN THÀNH | K4: TIẾN ĐỘ CHUNG
A5: =COUNTA('📋 Phân Công Task Chi Tiết'!A4:A24) | C5: =COUNTIF('📋 Phân Công Task Chi Tiết'!G4:G24, "To Do") | E5: =COUNTIF('📋 Phân Công Task Chi Tiết'!G4:G24, "In Progress") | G5: =COUNTIF('📋 Phân Công Task Chi Tiết'!G4:G24, "In Review") | I5: =COUNTIF('📋 Phân Công Task Chi Tiết'!G4:G24, "Done")+COUNTIF('📋 Phân Công Task Chi Tiết'!G4:G24, "Completed") | K5: =IF(A5>0, ROUND((I5/A5)*100, 1) & "%", "0%")
A8: TIẾN ĐỘ THEO CÁC PHÂN HỆ CÔNG VIỆC (MODULES)
A9: STT | B9: Phân Hệ / Module | C9: Tổng Tasks | D9: Đã Xong | E9: Đang Làm | F9: Chưa Làm | G9: Tiến Độ
A10: 1 | B10: Database & Schema Migration | C10: =COUNTIF('📋 Phân Công Task Chi Tiết'!B4:B24, "Database") | D10: =COUNTIFS('📋 Phân Công Task Chi Tiết'!B4:B24, "Database", '📋 Phân Công Task Chi Tiết'!G4:G24, "Done")+COUNTIFS('📋 Phân Công Task Chi Tiết'!B4:B24, "Database", '📋 Phân Công Task Chi Tiết'!G4:G24, "Completed") | E10: =COUNTIFS('📋 Phân Công Task Chi Tiết'!B4:B24, "Database", '📋 Phân Công Task Chi Tiết'!G4:G24, "In Progress") | F10: =COUNTIFS('📋 Phân Công Task Chi Tiết'!B4:B24, "Database", '📋 Phân Công Task Chi Tiết'!G4:G24, "To Do") | G10: =IF(C10>0, ROUND((D10/C10)*100, 0)&"%", "0%")
A11: 2 | B11: Backend API & Thuật toán Lộ trình | C11: =COUNTIF('📋 Phân Công Task Chi Tiết'!B4:B24, "Backend") | D11: =COUNTIFS('📋 Phân Công Task Chi Tiết'!B4:B24, "Backend", '📋 Phân Công Task Chi Tiết'!G4:G24, "Done")+COUNTIFS('📋 Phân Công Task Chi Tiết'!B4:B24, "Backend", '📋 Phân Công Task Chi Tiết'!G4:G24, "Completed") | E11: =COUNTIFS('📋 Phân Công Task Chi Tiết'!B4:B24, "Backend", '📋 Phân Công Task Chi Tiết'!G4:G24, "In Progress") | F11: =COUNTIFS('📋 Phân Công Task Chi Tiết'!B4:B24, "Backend", '📋 Phân Công Task Chi Tiết'!G4:G24, "To Do") | G11: =IF(C11>0, ROUND((D11/C11)*100, 0)&"%", "0%")
A12: 3 | B12: Frontend Giao diện & Bản đồ Lộ trình | C12: =COUNTIF('📋 Phân Công Task Chi Tiết'!B4:B24, "Frontend") | D12: =COUNTIFS('📋 Phân Công Task Chi Tiết'!B4:B24, "Frontend", '📋 Phân Công Task Chi Tiết'!G4:G24, "Done")+COUNTIFS('📋 Phân Công Task Chi Tiết'!B4:B24, "Frontend", '📋 Phân Công Task Chi Tiết'!G4:G24, "Completed") | E12: =COUNTIFS('📋 Phân Công Task Chi Tiết'!B4:B24, "Frontend", '📋 Phân Công Task Chi Tiết'!G4:G24, "In Progress") | F12: =COUNTIFS('📋 Phân Công Task Chi Tiết'!B4:B24, "Frontend", '📋 Phân Công Task Chi Tiết'!G4:G24, "To Do") | G12: =IF(C12>0, ROUND((D12/C12)*100, 0)&"%", "0%")
A13: 4 | B13: Admin CMS Quản trị Mở rộng | C13: =COUNTIF('📋 Phân Công Task Chi Tiết'!B4:B24, "Admin") | D13: =COUNTIFS('📋 Phân Công Task Chi Tiết'!B4:B24, "Admin", '📋 Phân Công Task Chi Tiết'!G4:G24, "Done")+COUNTIFS('📋 Phân Công Task Chi Tiết'!B4:B24, "Admin", '📋 Phân Công Task Chi Tiết'!G4:G24, "Completed") | E13: =COUNTIFS('📋 Phân Công Task Chi Tiết'!B4:B24, "Admin", '📋 Phân Công Task Chi Tiết'!G4:G24, "In Progress") | F13: =COUNTIFS('📋 Phân Công Task Chi Tiết'!B4:B24, "Admin", '📋 Phân Công Task Chi Tiết'!G4:G24, "To Do") | G13: =IF(C13>0, ROUND((D13/C13)*100, 0)&"%", "0%")
A14: 5 | B14: Kiểm Thử Chất Lượng (QA & Testing) | C14: =COUNTIF('📋 Phân Công Task Chi Tiết'!B4:B24, "QA & Testing") | D14: =COUNTIFS('📋 Phân Công Task Chi Tiết'!B4:B24, "QA & Testing", '📋 Phân Công Task Chi Tiết'!G4:G24, "Done")+COUNTIFS('📋 Phân Công Task Chi Tiết'!B4:B24, "QA & Testing", '📋 Phân Công Task Chi Tiết'!G4:G24, "Completed") | E14: =COUNTIFS('📋 Phân Công Task Chi Tiết'!B4:B24, "QA & Testing", '📋 Phân Công Task Chi Tiết'!G4:G24, "In Progress") | F14: =COUNTIFS('📋 Phân Công Task Chi Tiết'!B4:B24, "QA & Testing", '📋 Phân Công Task Chi Tiết'!G4:G24, "To Do") | G14: =IF(C14>0, ROUND((D14/C14)*100, 0)&"%", "0%")
A15: 6 | B15: Tài Liệu, Báo Cáo & Demo (Docs) | C15: =COUNTIF('📋 Phân Công Task Chi Tiết'!B4:B24, "Documentation") | D15: =COUNTIFS('📋 Phân Công Task Chi Tiết'!B4:B24, "Documentation", '📋 Phân Công Task Chi Tiết'!G4:G24, "Done")+COUNTIFS('📋 Phân Công Task Chi Tiết'!B4:B24, "Documentation", '📋 Phân Công Task Chi Tiết'!G4:G24, "Completed") | E15: =COUNTIFS('📋 Phân Công Task Chi Tiết'!B4:B24, "Documentation", '📋 Phân Công Task Chi Tiết'!G4:G24, "In Progress") | F15: =COUNTIFS('📋 Phân Công Task Chi Tiết'!B4:B24, "Documentation", '📋 Phân Công Task Chi Tiết'!G4:G24, "To Do") | G15: =IF(C15>0, ROUND((D15/C15)*100, 0)&"%", "0%")
A18: LỘ TRÌNH CÁC CỘT MỐC (SPRINT MILESTONES)
A19: Giai Đoạn | B19: Tên Giai Đoạn | C19: Thời Gian | D19: Mục Tiêu Trọng Tâm | E19: Đầu Ra Dự Kiến
A20: Sprint 1 | B20: Mở Rộng CSDL & Seed Data Du Lịch/Vui Chơi | C20: 12/10 - 16/10/2026 | D20: Thêm loại địa điểm (Place Type), 30+ điểm du lịch/vui chơi quanh Q7/TPHCM, đồng bộ Mock Data | E20: SQL script chạy mượt, Mock-data có đủ du lịch/vui chơi
A21: Sprint 2 | B21: Thuật Toán Đề Xuất Lộ Trình & Backend API | C21: 16/10 - 22/10/2026 | D21: Thuật toán ghép cặp thông minh (Ăn uống + Du lịch + Vui chơi), tối ưu khoảng cách ngắn nhất | E21: API /api/itinerary.php trả về lộ trình JSON chuẩn xác
A22: Sprint 3 | B22: Giao Diện Lập Lịch Trình & Leaflet Polyline | C22: 20/10 - 27/10/2026 | D22: Modal thiết lập lộ trình, Timeline trực quan, vẽ đường nối Polyline Leaflet, nút đổi chặng | E22: Người dùng tạo được lộ trình hoàn chỉnh trên Web
A23: Sprint 4 | B23: Admin CMS, Kiểm Thử Toàn Diện & Báo Cáo | C23: 26/10 - 02/11/2026 | D23: Quản trị đa địa điểm trong Admin, Test GPS thực tế, tài liệu kỹ thuật, slide demo | E23: Hệ thống hoạt động trơn tru sẵn sàng nghiệm thu

Sheet 📋 Phân Công Task Chi Tiết
A1: BẢNG PHÂN CÔNG VÀ THEO DÕI TIẾN ĐỘ CÔNG VIỆC CHI TIẾT
A2: Hướng dẫn: Cập nhật trạng thái (To Do, In Progress, In Review, Done, Completed) và Người phụ trách để Dashboard tự động tính toán
A3: Mã Task | B3: Phân Hệ (Module) | C3: Tên Công Việc (Task Title) | D3: Mô Tả Chi Tiết & Tiêu Chí Nghiệm Thu (Acceptance Criteria) | E3: Người Phụ Trách | F3: Độ Ưu Tiên | G3: Trạng Thái | H3: Bắt Đầu | I3: Hạn Chót | J3: Tiến Độ (%) | K3: Ghi Chú & Công Nghệ Liên Quan
A4: DB-01 | B4: Database | C4: Mở rộng Database Schema hỗ trợ Đa loại hình địa điểm | D4: Mở rộng schema thêm cột: place_type ('food', 'tourism', 'entertainment'), ticket_price (giá vé), estimated_duration (thời lượng phút), best_time_slot ('morning', 'afternoon', 'evening'). | E4: Backend Dev | F4: P1 - Cao | G4: Completed | H4: 12/10/2026 | I4: 14/10/2026 | J4: 100% | K4: MySQL / MariaDB, database/schema.sql
A5: DB-02 | B5: Database | C5: Mở rộng Bảng Danh Mục (Categories) theo 3 Nhóm lớn | D5: Thêm type_group vào bảng categories. Tạo danh mục Du lịch (Bảo tàng, Di tích, Công viên, Cảnh quan) & Vui chơi (Khu trò chơi, Rạp phim, Boardgame, Workshop). | E5: Backend Dev | F5: P1 - Cao | G5: Completed | H5: 12/10/2026 | I5: 14/10/2026 | J5: 100% | K5: database/seed_categories.sql
A6: DB-03 | B6: Database | C6: Thu thập dữ liệu & Seed 30+ Điểm Du lịch & Vui chơi thực tế | D6: Thu thập toạ độ GPS chính xác quanh Q7 & TP.HCM: Cầu Ánh Sao, Hồ Bán Nguyệt, Bảo tàng tranh 3D Artinus, Jump Arena, Thảo Cầm Viên, Bến Bạch Đằng, Landmark 81... | E6: Data Lead | F6: P1 - Cao | G6: Completed | H6: 13/10/2026 | I6: 16/10/2026 | J6: 100% | K6: database/seed_places_expansion.sql
A7: DB-04 | B7: Frontend | C7: Cập nhật Dữ liệu Mock Data Frontend (mock-data.js) | D7: Đồng bộ toàn bộ danh sách điểm Du lịch và Vui chơi vào mock-data.js để app chạy chế độ demo độc lập không cần backend. | E7: Tuấn Kiệt | F7: P2 - Trung bình | G7: Completed | H7: 14/10/2026 | I7: 16/10/2026 | J7: 100% | K7: public/assets/js/mock-data.js
A8: BE-01 | B8: Backend | C8: Cập nhật RESTful API Lấy danh sách địa điểm theo loại hình | D8: Nâng cấp api/restaurants.php (hoặc api/places.php) hỗ trợ param: type=all|food|tourism|entertainment, min_price, max_price, tính khoảng cách Haversine. | E8: Backend Dev | F8: P1 - Cao | G8: Completed | H8: 15/10/2026 | I8: 17/10/2026 | J8: 100% | K8: public/api/restaurants.php, app/geo.php
A9: BE-02 | B9: Backend | C9: Nghiên cứu & Thiết kế Thuật toán Đề xuất Lộ trình Đi chơi | D9: Xây dựng thuật toán ghép lịch trình: Vị trí hiện tại -> [Ăn sáng/Cafe] -> [Khu vui chơi/Điểm tham quan] -> [Ăn trưa/tối] -> [Chill ngắm cảnh]. Sắp xếp theo khoảng cách ngắn nhất (Nearest Neighbor). | E9: Backend Dev | F9: P1 - Cao | G9: Completed | H9: 16/10/2026 | I9: 20/10/2026 | J9: 100% | K9: app/itinerary.php (Thuật toán định tuyến & heuristics)
A10: BE-03 | B10: Backend | C10: Xây dựng Endpoint API Đề xuất Lộ trình (/api/itinerary.php) | D10: API nhận: user_lat, user_lng, duration (half_day / full_day / evening), vibe, max_radius. Trả về JSON: tổng km, tổng giờ dự kiến, danh sách stops kèm thời gian đề xuất. | E10: Backend Dev | F10: P1 - Cao | G10: Completed | H10: 18/10/2026 | I10: 21/10/2026 | J10: 100% | K10: public/api/itinerary.php, JSON REST API
A11: BE-04 | B11: Backend | C11: API Đổi Chặng Linh Hoạt trong Lộ trình (/api/itinerary_reroll.php) | D11: Cho phép người dùng bấm 'Đổi địa điểm' ở 1 chặng bất kỳ (không thích bảo tàng này thì đổi sang điểm giải trí khác tương đương gần đó) mà không vỡ toàn bộ lịch trình. | E11: Backend Dev | F11: P2 - Trung bình | G11: Completed | H11: 20/10/2026 | I11: 22/10/2026 | J11: 100% | K11: public/api/itinerary_reroll.php
A12: FE-01 | B12: Frontend | C12: Nâng cấp Bộ lọc Nhóm Địa Điểm Cấp 1 trên Bản đồ & Explore | D12: Thêm thanh Tabs phân loại: [Tất cả] [🍜 Ẩm thực] [🏛️ Du lịch] [🎡 Vui chơi giải trí] trên index.html và explore.html. Click tab lọc nhanh tức thì. | E12: Tuấn Kiệt | F12: P1 - Cao | G12: Completed | H12: 17/10/2026 | I12: 19/10/2026 | J12: 100% | K12: public/index.html, public/explore.html, filters.js
A13: FE-02 | B13: Frontend | C13: Thiết kế Leaflet Marker & Popup Riêng Biệt theo Loại Hình | D13: Marker màu đỏ/cam cho Quán ăn; Xanh lam/tím cho Du lịch; Vàng/cam neon cho Khu vui chơi. Bổ sung icon vector SVG tương ứng trong icons.js. | E13: Tuấn Kiệt | F13: P2 - Trung bình | G13: Completed | H13: 18/10/2026 | I13: 20/10/2026 | J13: 100% | K13: public/assets/js/map.js, icons.js
A14: FE-03 | B14: Frontend | C14: Cập nhật Card Địa Điểm & Trang Chi Tiết (restaurant.html) | D14: Hiển thị badge loại địa điểm, giá vé vào cổng (Vé miễn phí / Có phí), thời lượng trải nghiệm đề xuất (Ví dụ: 'Gợi ý: 90 phút'). | E14: Tuấn Kiệt | F14: P2 - Trung bình | G14: Completed | H14: 19/10/2026 | I14: 21/10/2026 | J14: 100% | K14: public/restaurant.html, format.js
... A24: DOC-02 | B24: Documentation | C24: Chuẩn bị Slide Thuyết trình & Video Demo Tính năng Lộ trình | D24: Thiết kế slide báo cáo tổng kết, kịch bản demo trực quan làm nổi bật tính năng gợi ý lịch trình đi chơi dựa trên vị trí thời gian thực. | E24: All Team | F24: P2 - Trung bình | G24: To Do | H24: 30/10/2026 | I24: 02/11/2026 | J24: 0% | K24: Slide PPTX / Google Slides, Video demo

Sheet 👥 Phân Chia Vai Trò (RACI)
A1: BẢNG PHÂN CHIA VAI TRÒ & TRÁCH NHIỆM TRONG NHÓM (RACI MATRIX)
A2: R = Responsible (Thực hiện), A = Accountable (Chịu trách nhiệm chính), C = Consulted (Tham vấn), I = Informed (Nhận thông tin)
A4: DANH SÁCH THÀNH VIÊN DỰ ÁN
A5: STT | B5: Họ & Tên Thành Viên | C5: Vai Trò Đảm Nhận | D5: Phạm Vi Phụ Trách | E5: Ghi Chú
A6: 1 | B6: 52400207 - Phạm Nguyễn Tuấn Kiệt | C6: Frontend & UI/UX Lead, Admin CMS, QA & Testing | D6: Mock Data (DB-04), Bộ lọc cấp 1 (FE-01), Marker & Popup (FE-02), Card & Chi tiết (FE-03), Admin CMS (ADM-01, ADM-02), Kiểm thử (QA-01, QA-02) | E6: Hoàn thành 100% (8/8 tasks)
A7: 2 | B7: 52400230 - Nguyễn Trọng Quý | C7: Database Architect, Data Engineering & Docs | D7: Thiết kế Schema mở rộng (DB-01), Danh mục 3 nhóm (DB-02), Seed 50+ địa điểm thực tế (DB-03), Báo cáo kỹ thuật & ERD (DOC-01) | E7: Lead Database & Docs
A8: 3 | B8: 52400217 - Trần Hữu Nam | C8: Backend API, Routing Algorithm & Itinerary UI | D8: REST API Địa điểm & Lộ trình (BE-01..BE-04), Giao diện Modal, Timeline, Leaflet Polyline & Chia sẻ Lộ trình (FE-04..FE-07) | E8: Lead Backend & Routing
A12: MA TRẬN PHÂN CÔNG TRÁCH NHIỆM (RACI MATRIX)
A13: STT | B13: Hạng Mục Công Việc | C13: Trọng Quý (DB/Docs) | D13: Tuấn Kiệt (FE/Admin/QA) | E13: Hữu Nam (BE/Routing) | F13: Ghi Chú
A14: 1 | B14: Thiết kế Schema CSDL & Thu thập dữ liệu Du lịch/Vui chơi | C14: R | D14: C | E14: C | F14: DB-01, DB-02, DB-03
A15: 2 | B15: Đồng bộ Mock Data Frontend 50 địa điểm & 15 danh mục | C15: C | D15: R | E15: I | F15: DB-04
A16: 3 | B16: Xây dựng Thuật toán & API Đề xuất Lộ trình | C16: C | D16: I | E16: R | F16: BE-01, BE-02, BE-03, BE-04
A17: 4 | B17: Nâng cấp bộ lọc đa dạng, Marker phân màu & Card chi tiết | C17: I | D17: R | E17: C | F17: FE-01, FE-02, FE-03
A18: 5 | B18: Thiết kế Giao diện Timeline, Polyline & Chia sẻ lộ trình | C18: I | D18: C | E18: R | F18: FE-04, FE-05, FE-06, FE-07
A19: 6 | B19: Cập nhật Admin CMS & Thống kê Dashboard mở rộng | C19: C | D19: R | E19: I | F19: ADM-01, ADM-02
A20: 7 | B20: Kiểm thử Thuật toán GPS & Responsive Mobile | C20: C | D20: R | E20: C | F20: QA-01, QA-02
A21: 8 | B21: Viết báo cáo kỹ thuật, Slide & Video Demo | C21: R | D21: C | E21: C | F21: DOC-01, DOC-02

Sheet 💡 Đặc Tả Thuật Toán Lộ Trình
A1: ĐẶC TẢ THUẬT TOÁN & QUY TẮC ĐỀ XUẤT LỘ TRÌNH ĐI CHƠI (ITINERARY PLANNER)
A2: Tài liệu kỹ thuật định hướng phát triển cho Backend & Frontend
A4: Thông Số / Bước | B4: Mô Tả & Quy Tắc Logic | C4: Công Thức / Chi Tiết Kỹ Thuật | D4: Ghi Chú
A5: Input 1: Vị trí người dùng | B5: Toạ độ GPS thời điểm hiện tại của người dùng | C5: user_lat, user_lng (HTML5 Geolocation fallback về TDTU Q7) | D5: Điểm xuất phát bắt buộc
A6: Input 2: Khung thời gian | B6: Thời lượng chuyến đi mong muốn | C6: half_day_morning (08:00 - 13:00) | half_day_afternoon (13:00 - 18:00) | evening (17:00 - 22:00) | full_day (08:00 - 21:00) | D6: Quyết định số chặng dừng
A7: Input 3: Phong cách (Vibe) | B7: Sở thích trải nghiệm chuyến đi | C7: Chill & Cafe (nhẹ nhàng) | Vui chơi hết mình (năng động) | Check-in & Sống ảo (cảnh đẹp) | Ăn sập (ẩm thực) | Hẹn hò lãng mạn | D7: Trọng số lọc danh mục
A8: Input 4: Bán kính di chuyển | B8: Giới hạn khoảng cách tối đa từ điểm xuất phát | C8: Mặc định 5km, cho phép chọn 3km / 5km / 10km | D8: Tránh gợi ý quá xa
A9: Quy tắc cấu trúc chặng (Sáng) | B9: 1. Ăn sáng/Cafe -> 2. Vui chơi/Bảo tàng/Check-in -> 3. Ăn trưa | C9: Stop 1: Food (Cafe/Breakfast) -> Stop 2: Tourism/Entertainment -> Stop 3: Food (Lunch) | D9: 3 chặng cân bằng
A10: Quy tắc cấu trúc chặng (Chiều) | B10: 1. Ăn trưa/Trà sữa -> 2. Điểm du lịch/Trải nghiệm -> 3. Ngắm hoàng hôn/Ăn tối | C10: Stop 1: Food -> Stop 2: Tourism/Entertainment -> Stop 3: Food/Cafe | D10: 3 chặng
A11: Quy tắc cấu trúc chặng (Tối) | B11: 1. Ăn tối ẩm thực -> 2. Khu vui chơi/Rạp phim/Dạo phố -> 3. Cafe chill/Quán nước view đêm | C11: Stop 1: Food (Dinner) -> Stop 2: Entertainment/Tourism -> Stop 3: Cafe/Dessert | D11: 3 chặng
A12: Quy tắc cấu trúc chặng (Cả ngày) | B12: Sáng (Ăn sáng + Tham quan) -> Trưa (Ăn trưa + Nghỉ ngơi cafe) -> Chiều (Khu vui chơi) -> Tối (Ăn tối + Dạo ngắm cảnh đêm) | C12: 5 chặng: Food -> Tourism -> Food -> Entertainment -> Tourism/Food | D12: Chuyến đi trọn vẹn
A13: Thuật toán tối ưu đường đi | B13: Áp dụng Nearest Neighbor Heuristic | C13: Từ Stop n, tìm Stop n+1 thỏa mãn loại hình cần tìm sao cho khoảng cách d(n, n+1) nhỏ nhất | D13: Tránh đi ngược chiều zíc zắc
A14: Tính năng Đổi chặng (Reroll) | B14: Bấm nút 'Đổi' tại chặng i để chọn địa điểm khác | C14: Tìm địa điểm thay thế cùng nhóm trong bán kính gần điểm i-1 và i+1, loại trừ điểm đang chọn | D14: Người dùng làm chủ lịch trình
A15: Hiển thị & Dẫn đường | B15: Vẽ Leaflet Polyline và tạo Multi-waypoint link Google Maps | C15: https://www.google.com/maps/dir/lat0,lng0/lat1,lng1/lat2,lng2/... | D15: Điều hướng thực tế 1 chạm
